event_id,campaign,flight,time,sky,note
HALO-AC3_RF13_090320,HALO-AC3,RF13,2022-04-04T09:03:20.000000,clear,imported from notebook 03
HALO-AC3_RF03_082703,HALO-AC3,RF03,2022-03-13T08:27:03.000000,clear,
HALO-AC3_RF04_091950,HALO-AC3,RF04,2022-03-14T09:19:50.000000,cloudy,
HALO-AC3_RF04_092023,HALO-AC3,RF04,2022-03-14T09:20:23.000000,cloudy,
HALO-AC3_RF04_092051,HALO-AC3,RF04,2022-03-14T09:20:51.000000,cloudy,
HALO-AC3_RF04_092201,HALO-AC3,RF04,2022-03-14T09:22:01.000000,cloudy,
HALO-AC3_RF04_103536,HALO-AC3,RF04,2022-03-14T10:35:36.000000,cloudy,
HALO-AC3_RF04_103638,HALO-AC3,RF04,2022-03-14T10:36:38.000000,cloudy,
HALO-AC3_RF04_103642,HALO-AC3,RF04,2022-03-14T10:36:42.000000,cloudy,
HALO-AC3_RF04_103747,HALO-AC3,RF04,2022-03-14T10:37:47.000000,cloudy,
HALO-AC3_RF04_164849,HALO-AC3,RF04,2022-03-14T16:48:49.000000,cloudy,
HALO-AC3_RF04_164958,HALO-AC3,RF04,2022-03-14T16:49:58.000000,cloudy,
HALO-AC3_RF04_165052,HALO-AC3,RF04,2022-03-14T16:50:52.000000,cloudy,
HALO-AC3_RF04_165137,HALO-AC3,RF04,2022-03-14T16:51:37.000000,cloudy,
HALO-AC3_RF04_165242,HALO-AC3,RF04,2022-03-14T16:52:42.000000,cloudy,
HALO-AC3_RF04_165323,HALO-AC3,RF04,2022-03-14T16:53:23.000000,cloudy,
HALO-AC3_RF04_165352,HALO-AC3,RF04,2022-03-14T16:53:52.000000,cloudy,
HALO-AC3_RF04_165522,HALO-AC3,RF04,2022-03-14T16:55:22.000000,cloudy,
HALO-AC3_RF05_092503,HALO-AC3,RF05,2022-03-15T09:25:03.000000,partly cloudy,
HALO-AC3_RF05_092702,HALO-AC3,RF05,2022-03-15T09:27:02.000000,partly cloudy,
HALO-AC3_RF05_092836,HALO-AC3,RF05,2022-03-15T09:28:36.000000,cloudy,
HALO-AC3_RF05_092921,HALO-AC3,RF05,2022-03-15T09:29:21.000000,cloudy,
HALO-AC3_RF05_092954,HALO-AC3,RF05,2022-03-15T09:29:54.000000,cloudy,
HALO-AC3_RF05_171754,HALO-AC3,RF05,2022-03-15T17:17:54.000000,partly cloudy,
HALO-AC3_RF05_171852,HALO-AC3,RF05,2022-03-15T17:18:52.000000,partly cloudy,
HALO-AC3_RF05_172131,HALO-AC3,RF05,2022-03-15T17:21:31.000000,clear,
HALO-AC3_RF05_172334,HALO-AC3,RF05,2022-03-15T17:23:34.000000,partly cloudy,
HALO-AC3_RF05_172403,HALO-AC3,RF05,2022-03-15T17:24:03.000000,clear,
HALO-AC3_RF06_092009,HALO-AC3,RF06,2022-03-16T09:20:09.000000,clear,
HALO-AC3_RF06_143828,HALO-AC3,RF06,2022-03-16T14:38:28.000000,cloudy,
HALO-AC3_RF06_144104,HALO-AC3,RF06,2022-03-16T14:41:04.000000,cloudy,
HALO-AC3_RF06_144234,HALO-AC3,RF06,2022-03-16T14:42:34.000000,cloudy,
HALO-AC3_RF06_144356,HALO-AC3,RF06,2022-03-16T14:43:56.000000,cloudy,
HALO-AC3_RF06_161812,HALO-AC3,RF06,2022-03-16T16:18:12.000000,cloudy,
HALO-AC3_RF06_161914,HALO-AC3,RF06,2022-03-16T16:19:14.000000,cloudy,
HALO-AC3_RF06_161959,HALO-AC3,RF06,2022-03-16T16:19:59.000000,cloudy,
HALO-AC3_RF06_162154,HALO-AC3,RF06,2022-03-16T16:21:54.000000,cloudy,
HALO-AC3_RF06_162251,HALO-AC3,RF06,2022-03-16T16:22:51.000000,cloudy,
HALO-AC3_RF06_162332,HALO-AC3,RF06,2022-03-16T16:23:32.000000,cloudy,
HALO-AC3_RF06_162502,HALO-AC3,RF06,2022-03-16T16:25:02.000000,cloudy,
HALO-AC3_RF06_162831,HALO-AC3,RF06,2022-03-16T16:28:31.000000,cloudy,
HALO-AC3_RF06_162847,HALO-AC3,RF06,2022-03-16T16:28:47.000000,cloudy,
HALO-AC3_RF06_163013,HALO-AC3,RF06,2022-03-16T16:30:13.000000,cloudy,
HALO-AC3_RF06_163123,HALO-AC3,RF06,2022-03-16T16:31:23.000000,cloudy,
HALO-AC3_RF06_163342,HALO-AC3,RF06,2022-03-16T16:33:42.000000,cloudy,
HALO-AC3_RF06_163452,HALO-AC3,RF06,2022-03-16T16:34:52.000000,cloudy,
HALO-AC3_RF06_163553,HALO-AC3,RF06,2022-03-16T16:35:53.000000,cloudy,
HALO-AC3_RF06_163727,HALO-AC3,RF06,2022-03-16T16:37:27.000000,cloudy,
HALO-AC3_RF06_164040,HALO-AC3,RF06,2022-03-16T16:40:40.000000,cloudy,
HALO-AC3_RF06_175310,HALO-AC3,RF06,2022-03-16T17:53:10.000000,partly cloudy,
HALO-AC3_RF06_175825,HALO-AC3,RF06,2022-03-16T17:58:25.000000,clear,
HALO-AC3_RF06_175947,HALO-AC3,RF06,2022-03-16T17:59:47.000000,cloudy,
HALO-AC3_RF07_082047,HALO-AC3,RF07,2022-03-20T08:20:47.000000,cloudy,
HALO-AC3_RF07_082149,HALO-AC3,RF07,2022-03-20T08:21:49.000000,cloudy,
HALO-AC3_RF07_082201,HALO-AC3,RF07,2022-03-20T08:22:01.000000,cloudy,
HALO-AC3_RF07_082311,HALO-AC3,RF07,2022-03-20T08:23:11.000000,cloudy,
HALO-AC3_RF07_082433,HALO-AC3,RF07,2022-03-20T08:24:33.000000,cloudy,
HALO-AC3_RF07_082530,HALO-AC3,RF07,2022-03-20T08:25:30.000000,cloudy,
HALO-AC3_RF07_082623,HALO-AC3,RF07,2022-03-20T08:26:23.000000,cloudy,
HALO-AC3_RF07_082721,HALO-AC3,RF07,2022-03-20T08:27:21.000000,cloudy,
HALO-AC3_RF07_082737,HALO-AC3,RF07,2022-03-20T08:27:37.000000,cloudy,
HALO-AC3_RF07_102544,HALO-AC3,RF07,2022-03-20T10:25:44.000000,cloudy,
HALO-AC3_RF07_102812,HALO-AC3,RF07,2022-03-20T10:28:12.000000,unusable,
HALO-AC3_RF07_102848,HALO-AC3,RF07,2022-03-20T10:28:48.000000,clear,
HALO-AC3_RF07_103059,HALO-AC3,RF07,2022-03-20T10:30:59.000000,cloudy,
HALO-AC3_RF07_103149,HALO-AC3,RF07,2022-03-20T10:31:49.000000,cloudy,
HALO-AC3_RF07_103209,HALO-AC3,RF07,2022-03-20T10:32:09.000000,cloudy,
HALO-AC3_RF08_091057,HALO-AC3,RF08,2022-03-21T09:10:57.000000,cloudy,
HALO-AC3_RF08_091206,HALO-AC3,RF08,2022-03-21T09:12:06.000000,cloudy,
HALO-AC3_RF08_091243,HALO-AC3,RF08,2022-03-21T09:12:43.000000,cloudy,
HALO-AC3_RF08_091353,HALO-AC3,RF08,2022-03-21T09:13:53.000000,cloudy,
HALO-AC3_RF08_091442,HALO-AC3,RF08,2022-03-21T09:14:42.000000,cloudy,
HALO-AC3_RF08_101359,HALO-AC3,RF08,2022-03-21T10:13:59.000000,cloudy,
HALO-AC3_RF08_101521,HALO-AC3,RF08,2022-03-21T10:15:21.000000,cloudy,
HALO-AC3_RF08_101829,HALO-AC3,RF08,2022-03-21T10:18:29.000000,cloudy,
HALO-AC3_RF08_102942,HALO-AC3,RF08,2022-03-21T10:29:42.000000,cloudy,
HALO-AC3_RF08_103044,HALO-AC3,RF08,2022-03-21T10:30:44.000000,cloudy,
HALO-AC3_RF08_123757,HALO-AC3,RF08,2022-03-21T12:37:57.000000,cloudy,
HALO-AC3_RF08_123801,HALO-AC3,RF08,2022-03-21T12:38:01.000000,cloudy,
HALO-AC3_RF08_124111,HALO-AC3,RF08,2022-03-21T12:41:11.000000,cloudy,
HALO-AC3_RF08_141614,HALO-AC3,RF08,2022-03-21T14:16:14.000000,cloudy,
HALO-AC3_RF08_141703,HALO-AC3,RF08,2022-03-21T14:17:03.000000,cloudy,
HALO-AC3_RF08_141833,HALO-AC3,RF08,2022-03-21T14:18:33.000000,cloudy,
HALO-AC3_RF08_141841,HALO-AC3,RF08,2022-03-21T14:18:41.000000,cloudy,
HALO-AC3_RF08_160848,HALO-AC3,RF08,2022-03-21T16:08:48.000000,cloudy,
HALO-AC3_RF08_160949,HALO-AC3,RF08,2022-03-21T16:09:49.000000,cloudy,
HALO-AC3_RF08_160958,HALO-AC3,RF08,2022-03-21T16:09:58.000000,cloudy,
HALO-AC3_RF08_161132,HALO-AC3,RF08,2022-03-21T16:11:32.000000,cloudy,
HALO-AC3_RF09_085850,HALO-AC3,RF09,2022-03-28T08:58:50.000000,clear,
HALO-AC3_RF09_154119,HALO-AC3,RF09,2022-03-28T15:41:19.000000,cloudy,
HALO-AC3_RF09_154220,HALO-AC3,RF09,2022-03-28T15:42:20.000000,clear,
HALO-AC3_RF09_154415,HALO-AC3,RF09,2022-03-28T15:44:15.000000,partly cloudy,
HALO-AC3_RF10_081612,HALO-AC3,RF10,2022-03-29T08:16:12.000000,cloudy,
HALO-AC3_RF10_081723,HALO-AC3,RF10,2022-03-29T08:17:23.000000,cloudy,
HALO-AC3_RF10_081816,HALO-AC3,RF10,2022-03-29T08:18:16.000000,cloudy,
HALO-AC3_RF10_081942,HALO-AC3,RF10,2022-03-29T08:19:42.000000,cloudy,
HALO-AC3_RF10_082023,HALO-AC3,RF10,2022-03-29T08:20:23.000000,cloudy,
HALO-AC3_RF10_123700,HALO-AC3,RF10,2022-03-29T12:37:00.000000,cloudy,
HALO-AC3_RF10_130121,HALO-AC3,RF10,2022-03-29T13:01:21.000000,cloudy,
HALO-AC3_RF10_130932,HALO-AC3,RF10,2022-03-29T13:09:32.000000,cloudy,
HALO-AC3_RF10_131001,HALO-AC3,RF10,2022-03-29T13:10:01.000000,cloudy,
HALO-AC3_RF10_144159,HALO-AC3,RF10,2022-03-29T14:41:59.000000,unusable,
HALO-AC3_RF10_144046,HALO-AC3,RF10,2022-03-29T14:40:46.000000,unusable,
HALO-AC3_RF10_144203,HALO-AC3,RF10,2022-03-29T14:42:03.000000,unusable,
HALO-AC3_RF10_144500,HALO-AC3,RF10,2022-03-29T14:45:00.000000,unusable,
HALO-AC3_RF10_144621,HALO-AC3,RF10,2022-03-29T14:46:21.000000,unusable,
HALO-AC3_RF10_144752,HALO-AC3,RF10,2022-03-29T14:47:52.000000,cloudy,
HALO-AC3_RF10_144854,HALO-AC3,RF10,2022-03-29T14:48:54.000000,unusable,
HALO-AC3_RF10_145340,HALO-AC3,RF10,2022-03-29T14:53:40.000000,unusable,
HALO-AC3_RF10_145405,HALO-AC3,RF10,2022-03-29T14:54:05.000000,unusable,
HALO-AC3_RF10_155530,HALO-AC3,RF10,2022-03-29T15:55:30.000000,cloudy,
HALO-AC3_RF10_155615,HALO-AC3,RF10,2022-03-29T15:56:15.000000,cloudy,
HALO-AC3_RF10_155822,HALO-AC3,RF10,2022-03-29T15:58:22.000000,cloudy,
HALO-AC3_RF10_155835,HALO-AC3,RF10,2022-03-29T15:58:35.000000,cloudy,
HALO-AC3_RF10_160005,HALO-AC3,RF10,2022-03-29T16:00:05.000000,cloudy,
HALO-AC3_RF11_081858,HALO-AC3,RF11,2022-03-30T08:18:58.000000,cloudy,
HALO-AC3_RF11_082003,HALO-AC3,RF11,2022-03-30T08:20:03.000000,cloudy,
HALO-AC3_RF11_082044,HALO-AC3,RF11,2022-03-30T08:20:44.000000,cloudy,
HALO-AC3_RF11_082125,HALO-AC3,RF11,2022-03-30T08:21:25.000000,cloudy,
HALO-AC3_RF11_082243,HALO-AC3,RF11,2022-03-30T08:22:43.000000,cloudy,
HALO-AC3_RF11_092103,HALO-AC3,RF11,2022-03-30T09:21:03.000000,unusable,
HALO-AC3_RF11_092221,HALO-AC3,RF11,2022-03-30T09:22:21.000000,unusable,
HALO-AC3_RF11_092830,HALO-AC3,RF11,2022-03-30T09:28:30.000000,partly cloudy,
HALO-AC3_RF11_092944,HALO-AC3,RF11,2022-03-30T09:29:44.000000,partly cloudy,
HALO-AC3_RF11_093358,HALO-AC3,RF11,2022-03-30T09:33:58.000000,clear,
HALO-AC3_RF11_093743,HALO-AC3,RF11,2022-03-30T09:37:43.000000,clear,
HALO-AC3_RF11_093950,HALO-AC3,RF11,2022-03-30T09:39:50.000000,clear,
HALO-AC3_RF11_094311,HALO-AC3,RF11,2022-03-30T09:43:11.000000,cloudy,
HALO-AC3_RF11_094335,HALO-AC3,RF11,2022-03-30T09:43:35.000000,clear,
HALO-AC3_RF11_153741,HALO-AC3,RF11,2022-03-30T15:37:41.000000,cloudy,
HALO-AC3_RF11_153822,HALO-AC3,RF11,2022-03-30T15:38:22.000000,cloudy,
HALO-AC3_RF11_153935,HALO-AC3,RF11,2022-03-30T15:39:35.000000,cloudy,
HALO-AC3_RF11_153943,HALO-AC3,RF11,2022-03-30T15:39:43.000000,cloudy,
HALO-AC3_RF11_154109,HALO-AC3,RF11,2022-03-30T15:41:09.000000,cloudy,
HALO-AC3_RF11_154316,HALO-AC3,RF11,2022-03-30T15:43:16.000000,cloudy,
HALO-AC3_RF11_154442,HALO-AC3,RF11,2022-03-30T15:44:42.000000,cloudy,
HALO-AC3_RF11_154507,HALO-AC3,RF11,2022-03-30T15:45:07.000000,cloudy,
HALO-AC3_RF11_154625,HALO-AC3,RF11,2022-03-30T15:46:25.000000,cloudy,
HALO-AC3_RF12_075006,HALO-AC3,RF12,2022-04-01T07:50:06.000000,cloudy,
HALO-AC3_RF12_075318,HALO-AC3,RF12,2022-04-01T07:53:18.000000,cloudy,
HALO-AC3_RF12_075558,HALO-AC3,RF12,2022-04-01T07:55:58.000000,cloudy,
HALO-AC3_RF12_075627,HALO-AC3,RF12,2022-04-01T07:56:27.000000,cloudy,
HALO-AC3_RF12_075732,HALO-AC3,RF12,2022-04-01T07:57:32.000000,cloudy,
HALO-AC3_RF13_074723,HALO-AC3,RF13,2022-04-04T07:47:23.000000,unusable,
HALO-AC3_RF13_074918,HALO-AC3,RF13,2022-04-04T07:49:18.000000,clear,
HALO-AC3_RF13_090442,HALO-AC3,RF13,2022-04-04T09:04:42.000000,clear,
HALO-AC3_RF13_154254,HALO-AC3,RF13,2022-04-04T15:42:54.000000,partly cloudy,
HALO-AC3_RF14_085009,HALO-AC3,RF14,2022-04-07T08:50:09.000000,cloudy,
HALO-AC3_RF14_085148,HALO-AC3,RF14,2022-04-07T08:51:48.000000,cloudy,
HALO-AC3_RF14_085225,HALO-AC3,RF14,2022-04-07T08:52:25.000000,cloudy,
HALO-AC3_RF14_085419,HALO-AC3,RF14,2022-04-07T08:54:19.000000,cloudy,
HALO-AC3_RF14_085452,HALO-AC3,RF14,2022-04-07T08:54:52.000000,clear,
HALO-AC3_RF14_153856,HALO-AC3,RF14,2022-04-07T15:38:56.000000,partly cloudy,
HALO-AC3_RF15_111218,HALO-AC3,RF15,2022-04-08T11:12:18.000000,clear,
HALO-AC3_RF16_101307,HALO-AC3,RF16,2022-04-10T10:13:07.000000,cloudy,
HALO-AC3_RF17_081327,HALO-AC3,RF17,2022-04-11T08:13:27.000000,cloudy,
HALO-AC3_RF17_081440,HALO-AC3,RF17,2022-04-11T08:14:40.000000,cloudy,
HALO-AC3_RF17_081606,HALO-AC3,RF17,2022-04-11T08:16:06.000000,cloudy,
HALO-AC3_RF17_081749,HALO-AC3,RF17,2022-04-11T08:17:49.000000,cloudy,
HALO-AC3_RF17_081822,HALO-AC3,RF17,2022-04-11T08:18:22.000000,cloudy,
HALO-AC3_RF17_082016,HALO-AC3,RF17,2022-04-11T08:20:16.000000,cloudy,
HALO-AC3_RF17_082049,HALO-AC3,RF17,2022-04-11T08:20:49.000000,cloudy,
HALO-AC3_RF17_082114,HALO-AC3,RF17,2022-04-11T08:21:14.000000,cloudy,
HALO-AC3_RF17_152043,HALO-AC3,RF17,2022-04-11T15:20:43.000000,cloudy,
HALO-AC3_RF17_152051,HALO-AC3,RF17,2022-04-11T15:20:51.000000,cloudy,
HALO-AC3_RF17_152306,HALO-AC3,RF17,2022-04-11T15:23:06.000000,cloudy,
HALO-AC3_RF17_152339,HALO-AC3,RF17,2022-04-11T15:23:39.000000,cloudy,
HALO-AC3_RF17_152517,HALO-AC3,RF17,2022-04-11T15:25:17.000000,cloudy,
HALO-AC3_RF17_152643,HALO-AC3,RF17,2022-04-11T15:26:43.000000,cloudy,
HALO-AC3_RF17_152757,HALO-AC3,RF17,2022-04-11T15:27:57.000000,cloudy,
HALO-AC3_RF18_074154,HALO-AC3,RF18,2022-04-12T07:41:54.000000,cloudy,
HALO-AC3_RF18_074429,HALO-AC3,RF18,2022-04-12T07:44:29.000000,cloudy,
HALO-AC3_RF18_074551,HALO-AC3,RF18,2022-04-12T07:45:51.000000,cloudy,
HALO-AC3_RF18_074612,HALO-AC3,RF18,2022-04-12T07:46:12.000000,cloudy,
HALO-AC3_RF18_074721,HALO-AC3,RF18,2022-04-12T07:47:21.000000,cloudy,
HALO-AC3_RF18_074815,HALO-AC3,RF18,2022-04-12T07:48:15.000000,cloudy,
HALO-AC3_RF18_074843,HALO-AC3,RF18,2022-04-12T07:48:43.000000,cloudy,
HALO-AC3_RF18_075001,HALO-AC3,RF18,2022-04-12T07:50:01.000000,cloudy,
HALO-AC3_RF18_092000,HALO-AC3,RF18,2022-04-12T09:20:00.000000,clear,
HALO-AC3_RF18_092033,HALO-AC3,RF18,2022-04-12T09:20:33.000000,clear,glacier
HALO-AC3_RF18_092122,HALO-AC3,RF18,2022-04-12T09:21:22.000000,unrated,glacier
HALO-AC3_RF18_092207,HALO-AC3,RF18,2022-04-12T09:22:07.000000,clear,
HALO-AC3_RF18_092305,HALO-AC3,RF18,2022-04-12T09:23:05.000000,clear,glacier
HALO-AC3_RF18_092333,HALO-AC3,RF18,2022-04-12T09:23:33.000000,clear,
HALO-AC3_RF18_150223,HALO-AC3,RF18,2022-04-12T15:02:23.000000,cloudy,
HALO-AC3_RF18_150548,HALO-AC3,RF18,2022-04-12T15:05:48.000000,cloudy,
HALO-AC3_RF18_150803,HALO-AC3,RF18,2022-04-12T15:08:03.000000,cloudy,
PERCUSION_RF01_191133,PERCUSION,RF01,2024-08-11T19:11:33.059000,cloudy,
PERCUSION_RF01_191222,PERCUSION,RF01,2024-08-11T19:12:22.211000,cloudy,
PERCUSION_RF01_191340,PERCUSION,RF01,2024-08-11T19:13:40.035000,partly cloudy,
PERCUSION_RF06_155621,PERCUSION,RF06,2024-08-22T15:56:21.284000,partly cloudy,
PERCUSION_ECVal_RF01_123134,PERCUSION,ECVal_RF01,2024-11-05T12:31:34.599000,cloudy,
PERCUSION_ECVal_RF01_141854,PERCUSION,ECVal_RF01,2024-11-05T14:18:54.753000,unusable,
PERCUSION_ECVal_RF01_162734,PERCUSION,ECVal_RF01,2024-11-05T16:27:34.300000,cloudy,
PERCUSION_ECVal_RF01_162750,PERCUSION,ECVal_RF01,2024-11-05T16:27:50.684000,cloudy,
PERCUSION_ECVal_RF01_162933,PERCUSION,ECVal_RF01,2024-11-05T16:29:33.084000,cloudy,
PERCUSION_ECVal_RF01_163014,PERCUSION,ECVal_RF01,2024-11-05T16:30:14.044000,cloudy,
PERCUSION_ECVal_RF01_163403,PERCUSION,ECVal_RF01,2024-11-05T16:34:03.420000,cloudy,
PERCUSION_ECVal_RF01_163521,PERCUSION,ECVal_RF01,2024-11-05T16:35:21.244000,cloudy,
PERCUSION_ECVal_RF01_163634,PERCUSION,ECVal_RF01,2024-11-05T16:36:34.972000,cloudy,
PERCUSION_ECVal_RF01_165057,PERCUSION,ECVal_RF01,2024-11-05T16:50:57.532000,clear,
PERCUSION_ECVal_RF02_121221,PERCUSION,ECVal_RF02,2024-11-07T12:12:21.327000,cloudy,
PERCUSION_ECVal_RF02_121306,PERCUSION,ECVal_RF02,2024-11-07T12:13:06.383000,cloudy,
PERCUSION_ECVal_RF02_121330,PERCUSION,ECVal_RF02,2024-11-07T12:13:30.959000,cloudy,
PERCUSION_ECVal_RF02_122020,PERCUSION,ECVal_RF02,2024-11-07T12:20:20.559000,cloudy,
PERCUSION_ECVal_RF02_141200,PERCUSION,ECVal_RF02,2024-11-07T14:12:00.680000,cloudy,
PERCUSION_ECVal_RF02_141318,PERCUSION,ECVal_RF02,2024-11-07T14:13:18.504000,cloudy,
PERCUSION_ECVal_RF02_141334,PERCUSION,ECVal_RF02,2024-11-07T14:13:34.888000,cloudy,
PERCUSION_ECVal_RF02_141432,PERCUSION,ECVal_RF02,2024-11-07T14:14:32.232000,cloudy,
PERCUSION_ECVal_RF02_162355,PERCUSION,ECVal_RF02,2024-11-07T16:23:55.875000,cloudy,
PERCUSION_ECVal_RF02_162436,PERCUSION,ECVal_RF02,2024-11-07T16:24:36.835000,cloudy,
PERCUSION_ECVal_RF02_165611,PERCUSION,ECVal_RF02,2024-11-07T16:56:11.049000,cloudy,
PERCUSION_ECVal_RF02_165639,PERCUSION,ECVal_RF02,2024-11-07T16:56:39.721000,cloudy,
PERCUSION_ECVal_RF02_170954,PERCUSION,ECVal_RF02,2024-11-07T17:09:54.345000,cloudy,
PERCUSION_ECVal_RF02_171031,PERCUSION,ECVal_RF02,2024-11-07T17:10:31.209000,cloudy,
PERCUSION_ECVal_RF02_171424,PERCUSION,ECVal_RF02,2024-11-07T17:14:24.681000,cloudy,
PERCUSION_ECVal_RF02_171543,PERCUSION,ECVal_RF02,2024-11-07T17:15:43.884000,cloudy,
PERCUSION_ECVal_RF02_172237,PERCUSION,ECVal_RF02,2024-11-07T17:22:37.580000,cloudy,
PERCUSION_ECVal_RF02_173856,PERCUSION,ECVal_RF02,2024-11-07T17:38:56.524000,cloudy,
PERCUSION_ECVal_RF02_180036,PERCUSION,ECVal_RF02,2024-11-07T18:00:36.696000,cloudy,
PERCUSION_ECVal_RF03_114125,PERCUSION,ECVal_RF03,2024-11-10T11:41:25.505000,clear,
PERCUSION_ECVal_RF03_114141,PERCUSION,ECVal_RF03,2024-11-10T11:41:41.889000,clear,
PERCUSION_ECVal_RF03_114324,PERCUSION,ECVal_RF03,2024-11-10T11:43:24.289000,cloudy,
PERCUSION_ECVal_RF03_114433,PERCUSION,ECVal_RF03,2024-11-10T11:44:33.921000,cloudy,
PERCUSION_ECVal_RF03_114531,PERCUSION,ECVal_RF03,2024-11-10T11:45:31.265000,clear,
PERCUSION_ECVal_RF03_122010,PERCUSION,ECVal_RF03,2024-11-10T12:20:10.700000,cloudy,
PERCUSION_ECVal_RF03_122059,PERCUSION,ECVal_RF03,2024-11-10T12:20:59.852000,partly cloudy,
PERCUSION_ECVal_RF03_122225,PERCUSION,ECVal_RF03,2024-11-10T12:22:25.868000,cloudy,
PERCUSION_ECVal_RF03_122351,PERCUSION,ECVal_RF03,2024-11-10T12:23:51.884000,cloudy,
PERCUSION_ECVal_RF03_123053,PERCUSION,ECVal_RF03,2024-11-10T12:30:53.772000,cloudy,
PERCUSION_ECVal_RF03_123329,PERCUSION,ECVal_RF03,2024-11-10T12:33:29.420000,cloudy,
PERCUSION_ECVal_RF03_123503,PERCUSION,ECVal_RF03,2024-11-10T12:35:03.628000,cloudy,
PERCUSION_ECVal_RF03_123548,PERCUSION,ECVal_RF03,2024-11-10T12:35:48.684000,cloudy,
PERCUSION_ECVal_RF03_124006,PERCUSION,ECVal_RF03,2024-11-10T12:40:06.732000,partly cloudy,
PERCUSION_ECVal_RF03_124128,PERCUSION,ECVal_RF03,2024-11-10T12:41:28.652000,cloudy,
PERCUSION_ECVal_RF03_124229,PERCUSION,ECVal_RF03,2024-11-10T12:42:29.062000,cloudy,
PERCUSION_ECVal_RF03_124326,PERCUSION,ECVal_RF03,2024-11-10T12:43:26.406000,cloudy,
PERCUSION_ECVal_RF03_124533,PERCUSION,ECVal_RF03,2024-11-10T12:45:33.382000,cloudy,
PERCUSION_ECVal_RF03_124537,PERCUSION,ECVal_RF03,2024-11-10T12:45:37.478000,cloudy,
PERCUSION_ECVal_RF03_124939,PERCUSION,ECVal_RF03,2024-11-10T12:49:39.142000,cloudy,
PERCUSION_ECVal_RF03_125320,PERCUSION,ECVal_RF03,2024-11-10T12:53:20.326000,clear,
PERCUSION_ECVal_RF03_125442,PERCUSION,ECVal_RF03,2024-11-10T12:54:42.246000,clear,
PERCUSION_ECVal_RF03_131301,PERCUSION,ECVal_RF03,2024-11-10T13:13:01.952000,partly cloudy,
PERCUSION_ECVal_RF03_132421,PERCUSION,ECVal_RF03,2024-11-10T13:24:21.888000,clear,
PERCUSION_ECVal_RF03_132458,PERCUSION,ECVal_RF03,2024-11-10T13:24:58.752000,clear,
PERCUSION_ECVal_RF03_133614,PERCUSION,ECVal_RF03,2024-11-10T13:36:14.592000,clear,
PERCUSION_ECVal_RF03_133740,PERCUSION,ECVal_RF03,2024-11-10T13:37:40.608000,clear,crop fields
PERCUSION_ECVal_RF03_134331,PERCUSION,ECVal_RF03,2024-11-10T13:43:31.533000,partly cloudy,
PERCUSION_ECVal_RF03_134428,PERCUSION,ECVal_RF03,2024-11-10T13:44:28.877000,partly cloudy,
PERCUSION_ECVal_RF03_134501,PERCUSION,ECVal_RF03,2024-11-10T13:45:01.645000,partly cloudy,
PERCUSION_ECVal_RF03_135029,PERCUSION,ECVal_RF03,2024-11-10T13:50:29.325000,clear,
PERCUSION_ECVal_RF03_135053,PERCUSION,ECVal_RF03,2024-11-10T13:50:53.901000,partly cloudy,
PERCUSION_ECVal_RF03_135224,PERCUSION,ECVal_RF03,2024-11-10T13:52:24.013000,clear,
PERCUSION_ECVal_RF03_135236,PERCUSION,ECVal_RF03,2024-11-10T13:52:36.301000,clear,
PERCUSION_ECVal_RF03_135418,PERCUSION,ECVal_RF03,2024-11-10T13:54:18.701000,clear,
PERCUSION_ECVal_RF03_135430,PERCUSION,ECVal_RF03,2024-11-10T13:54:30.989000,clear,
PERCUSION_ECVal_RF04_112254,PERCUSION,ECVal_RF04,2024-11-12T11:22:54.578000,cloudy,
PERCUSION_ECVal_RF04_112343,PERCUSION,ECVal_RF04,2024-11-12T11:23:43.730000,cloudy,
PERCUSION_ECVal_RF04_112400,PERCUSION,ECVal_RF04,2024-11-12T11:24:00.114000,cloudy,
PERCUSION_ECVal_RF04_113219,PERCUSION,ECVal_RF04,2024-11-12T11:32:19.826000,cloudy,
PERCUSION_ECVal_RF04_113317,PERCUSION,ECVal_RF04,2024-11-12T11:33:17.170000,cloudy,
PERCUSION_ECVal_RF04_113414,PERCUSION,ECVal_RF04,2024-11-12T11:34:14.514000,partly cloudy,
PERCUSION_ECVal_RF04_113511,PERCUSION,ECVal_RF04,2024-11-12T11:35:11.858000,partly cloudy,
PERCUSION_ECVal_RF04_115742,PERCUSION,ECVal_RF04,2024-11-12T11:57:42.747000,partly cloudy,
PERCUSION_ECVal_RF04_115755,PERCUSION,ECVal_RF04,2024-11-12T11:57:55.035000,partly cloudy,
PERCUSION_ECVal_RF04_120254,PERCUSION,ECVal_RF04,2024-11-12T12:02:54.043000,cloudy,
PERCUSION_ECVal_RF04_121803,PERCUSION,ECVal_RF04,2024-11-12T12:18:03.355000,cloudy,
PERCUSION_ECVal_RF04_121840,PERCUSION,ECVal_RF04,2024-11-12T12:18:40.219000,cloudy,
PERCUSION_ECVal_RF04_134930,PERCUSION,ECVal_RF04,2024-11-12T13:49:30.347000,cloudy,
PERCUSION_ECVal_RF04_135003,PERCUSION,ECVal_RF04,2024-11-12T13:50:03.115000,cloudy,
PERCUSION_ECVal_RF04_135115,PERCUSION,ECVal_RF04,2024-11-12T13:51:15.697000,cloudy,
PERCUSION_ECVal_RF04_135204,PERCUSION,ECVal_RF04,2024-11-12T13:52:04.849000,cloudy,
PERCUSION_ECVal_RF04_135959,PERCUSION,ECVal_RF04,2024-11-12T13:59:59.985000,cloudy,
PERCUSION_ECVal_RF04_140012,PERCUSION,ECVal_RF04,2024-11-12T14:00:12.273000,cloudy,
PERCUSION_ECVal_RF04_140113,PERCUSION,ECVal_RF04,2024-11-12T14:01:13.713000,cloudy,
PERCUSION_ECVal_RF04_140247,PERCUSION,ECVal_RF04,2024-11-12T14:02:47.921000,cloudy,
PERCUSION_ECVal_RF04_140349,PERCUSION,ECVal_RF04,2024-11-12T14:03:49.361000,cloudy,
PERCUSION_ECVal_RF04_140401,PERCUSION,ECVal_RF04,2024-11-12T14:04:01.649000,cloudy,
PERCUSION_ECVal_RF04_140507,PERCUSION,ECVal_RF04,2024-11-12T14:05:07.185000,cloudy,
PERCUSION_ECVal_RF04_140544,PERCUSION,ECVal_RF04,2024-11-12T14:05:44.049000,cloudy,
PERCUSION_ECVal_RF04_140742,PERCUSION,ECVal_RF04,2024-11-12T14:07:42.833000,cloudy,
PERCUSION_ECVal_RF04_140840,PERCUSION,ECVal_RF04,2024-11-12T14:08:40.177000,cloudy,
PERCUSION_ECVal_RF04_163326,PERCUSION,ECVal_RF04,2024-11-12T16:33:26.736000,cloudy,
PERCUSION_ECVal_RF04_163359,PERCUSION,ECVal_RF04,2024-11-12T16:33:59.504000,cloudy,
PERCUSION_ECVal_RF04_163456,PERCUSION,ECVal_RF04,2024-11-12T16:34:56.848000,cloudy,
PERCUSION_ECVal_RF04_180236,PERCUSION,ECVal_RF04,2024-11-12T18:02:36.460000,cloudy,
PERCUSION_ECVal_RF04_180451,PERCUSION,ECVal_RF04,2024-11-12T18:04:51.628000,cloudy,
PERCUSION_ECVal_RF05_105918,PERCUSION,ECVal_RF05,2024-11-14T10:59:18.051000,cloudy,
PERCUSION_ECVal_RF05_110104,PERCUSION,ECVal_RF05,2024-11-14T11:01:04.547000,cloudy,
PERCUSION_ECVal_RF05_110303,PERCUSION,ECVal_RF05,2024-11-14T11:03:03.331000,partly cloudy,
PERCUSION_ECVal_RF05_110348,PERCUSION,ECVal_RF05,2024-11-14T11:03:48.387000,partly cloudy,
PERCUSION_ECVal_RF05_110530,PERCUSION,ECVal_RF05,2024-11-14T11:05:30.787000,partly cloudy,
PERCUSION_ECVal_RF05_110758,PERCUSION,ECVal_RF05,2024-11-14T11:07:58.243000,partly cloudy,
PERCUSION_ECVal_RF05_110810,PERCUSION,ECVal_RF05,2024-11-14T11:08:10.531000,partly cloudy,
PERCUSION_ECVal_RF05_111017,PERCUSION,ECVal_RF05,2024-11-14T11:10:17.507000,partly cloudy,
PERCUSION_ECVal_RF06_173215,PERCUSION,ECVal_RF06,2024-11-16T17:32:15.926000,cloudy,
PERCUSION_ECVal_RF06_172801,PERCUSION,ECVal_RF06,2024-11-16T17:28:01.974000,cloudy,
PERCUSION_ECVal_RF06_172708,PERCUSION,ECVal_RF06,2024-11-16T17:27:08.726000,cloudy,
PERCUSION_ECVal_RF06_172700,PERCUSION,ECVal_RF06,2024-11-16T17:27:00.534000,cloudy,
PERCUSION_ECVal_RF06_172311,PERCUSION,ECVal_RF06,2024-11-16T17:23:11.158000,cloudy,
PERCUSION_ECVal_RF06_172145,PERCUSION,ECVal_RF06,2024-11-16T17:21:45.142000,cloudy,
PERCUSION_ECVal_RF06_172108,PERCUSION,ECVal_RF06,2024-11-16T17:21:08.278000,partly cloudy,
PERCUSION_ECVal_RF05_111532,PERCUSION,ECVal_RF05,2024-11-14T11:15:32.899000,clear,
